pid,amphoe,rai,year,dnorm
ANGTHONG,ป่าโมก,9152.58049930077,2023,ป่าโมก
ANGTHONG,วิเศษชัยชาญ,37867.98154955673,2023,วิเศษชัยชาญ
ANGTHONG,สามโก้,2924.022766103505,2023,สามโก้
ANGTHONG,เมืองอ่างทอง,10205.943492582235,2023,เมืองอ่างทอง
ANGTHONG,แสวงหา,13347.26455388764,2023,แสวงหา
ANGTHONG,โพธิ์ทอง,25442.13655798066,2023,โพธิ์ทอง
ANGTHONG,ไชโย,3768.7555413784976,2023,ไชโย
AYUTTHAYA,ท่าเรือ,3095.19119593737,2023,ท่าเรือ
AYUTTHAYA,นครหลวง,3810.496175701037,2023,นครหลวง
AYUTTHAYA,บางซ้าย,72196.53210302003,2023,บางซ้าย
AYUTTHAYA,บางบาล,34662.36576201952,2023,บางบาล
AYUTTHAYA,บางปะหัน,18538.971474843816,2023,บางปะหัน
AYUTTHAYA,บางปะอิน,17674.32181022652,2023,บางปะอิน
AYUTTHAYA,บางไทร,38231.93828991679,2023,บางไทร
AYUTTHAYA,บ้านแพรก,9895.524368961773,2023,บ้านแพรก
AYUTTHAYA,ผักไห่,74741.95693641658,2023,ผักไห่
AYUTTHAYA,พระนครศรีอยุธยา,8181.742047281972,2023,พระนครศรีอยุธยา
AYUTTHAYA,ภาชี,186.1328577576016,2023,ภาชี
AYUTTHAYA,มหาราช,23302.157479735222,2023,มหาราช
AYUTTHAYA,ลาดบัวหลวง,22811.65440551644,2023,ลาดบัวหลวง
AYUTTHAYA,วังน้อย,3841.6484687885577,2023,วังน้อย
AYUTTHAYA,อุทัย,2739.967960160751,2023,อุทัย
AYUTTHAYA,เสนา,81672.35556682239,2023,เสนา
BANGKOK,เขตคลองสาน,0.0,2023,คลองสาน
BANGKOK,เขตคลองสามวา,0.0,2023,คลองสามวา
BANGKOK,เขตคลองเตย,0.0,2023,คลองเตย
BANGKOK,เขตคันนายาว,0.0,2023,คันนายาว
BANGKOK,เขตจตุจักร,0.0,2023,จตุจักร
BANGKOK,เขตจอมทอง,0.0,2023,จอมทอง
BANGKOK,เขตดอนเมือง,0.0,2023,ดอนเมือง
BANGKOK,เขตดินแดง,0.0,2023,ดินแดง
BANGKOK,เขตดุสิต,0.0,2023,ดุสิต
BANGKOK,เขตตลิ่งชัน,0.0,2023,ตลิ่งชัน
BANGKOK,เขตทวีวัฒนา,0.0,2023,ทวีวัฒนา
BANGKOK,เขตทุ่งครุ,0.0,2023,ทุ่งครุ
BANGKOK,เขตธนบุรี,0.0,2023,ธนบุรี
BANGKOK,เขตบางกอกน้อย,0.0,2023,บางกอกน้อย
BANGKOK,เขตบางกอกใหญ่,0.0,2023,บางกอกใหญ่
BANGKOK,เขตบางกะปิ,0.0,2023,บางกะปิ
BANGKOK,เขตบางขุนเทียน,0.0,2023,บางขุนเทียน
BANGKOK,เขตบางคอแหลม,0.0,2023,บางคอแหลม
BANGKOK,เขตบางซื่อ,0.0,2023,บางซื่อ
BANGKOK,เขตบางนา,0.0,2023,บางนา
BANGKOK,เขตบางบอน,0.0,2023,บางบอน
BANGKOK,เขตบางพลัด,0.0,2023,บางพลัด
BANGKOK,เขตบางรัก,0.0,2023,บางรัก
BANGKOK,เขตบางเขน,0.0,2023,บางเขน
BANGKOK,เขตบางแค,0.0,2023,บางแค
BANGKOK,เขตบึงกุ่ม,0.0,2023,บึงกุ่ม
BANGKOK,เขตปทุมวัน,0.0,2023,ปทุมวัน
BANGKOK,เขตประเวศ,0.0,2023,ประเวศ
BANGKOK,เขตป้อมปราบศัตรูพ่าย,0.0,2023,ป้อมปราบศัตรูพ่าย
BANGKOK,เขตพญาไท,0.0,2023,พญาไท
BANGKOK,เขตพระนคร,0.0,2023,พระนคร
BANGKOK,เขตพระโขนง,0.0,2023,พระโขนง
BANGKOK,เขตภาษีเจริญ,0.0,2023,ภาษีเจริญ
BANGKOK,เขตมีนบุรี,0.0,2023,มีนบุรี
BANGKOK,เขตยานนาวา,0.0,2023,ยานนาวา
BANGKOK,เขตราชเทวี,0.0,2023,ราชเทวี
BANGKOK,เขตราษฎร์บูรณะ,0.0,2023,ราษฎร์บูรณะ
BANGKOK,เขตลาดกระบัง,0.0,2023,ลาดกระบัง
BANGKOK,เขตลาดพร้าว,0.0,2023,ลาดพร้าว
BANGKOK,เขตวังทองหลาง,0.0,2023,วังทองหลาง
BANGKOK,เขตวัฒนา,0.0,2023,วัฒนา
BANGKOK,เขตสวนหลวง,0.0,2023,สวนหลวง
BANGKOK,เขตสะพานสูง,0.0,2023,สะพานสูง
BANGKOK,เขตสัมพันธวงศ์,0.0,2023,สัมพันธวงศ์
BANGKOK,เขตสาทร,0.0,2023,สาทร
BANGKOK,เขตสายไหม,0.0,2023,สายไหม
BANGKOK,เขตหนองจอก,0.0,2023,หนองจอก
BANGKOK,เขตหนองแขม,0.0,2023,หนองแขม
BANGKOK,เขตหลักสี่,0.0,2023,หลักสี่
BANGKOK,เขตห้วยขวาง,0.0,2023,ห้วยขวาง
CHAINAT,มโนรมย์,2102.5345534533085,2023,มโนรมย์
CHAINAT,วัดสิงห์,802.6390214553236,2023,วัดสิงห์
CHAINAT,สรรคบุรี,5866.7784899162425,2023,สรรคบุรี
CHAINAT,สรรพยา,17551.1134283907,2023,สรรพยา
CHAINAT,หนองมะโมง,0.0,2023,หนองมะโมง
CHAINAT,หันคา,8181.628514094154,2023,หันคา
CHAINAT,เนินขาม,0.0,2023,เนินขาม
CHAINAT,เมืองชัยนาท,1808.025974731821,2023,เมืองชัยนาท
CHIANGMAI,กัลยาณิวัฒนา,0.0,2023,กัลยาณิวัฒนา
CHIANGMAI,จอมทอง,0.0,2023,จอมทอง
CHIANGMAI,ดอยสะเก็ด,0.0,2023,ดอยสะเก็ด
CHIANGMAI,ดอยหล่อ,0.0,2023,ดอยหล่อ
CHIANGMAI,ดอยเต่า,0.0,2023,ดอยเต่า
CHIANGMAI,ฝาง,0.0,2023,ฝาง
CHIANGMAI,พร้าว,0.0,2023,พร้าว
CHIANGMAI,สะเมิง,0.0,2023,สะเมิง
CHIANGMAI,สันกำแพง,0.0,2023,สันกำแพง
CHIANGMAI,สันทราย,0.0,2023,สันทราย
CHIANGMAI,สันป่าตอง,0.0,2023,สันป่าตอง
CHIANGMAI,สารภี,0.0,2023,สารภี
CHIANGMAI,หางดง,0.0,2023,หางดง
CHIANGMAI,อมก๋อย,0.0,2023,อมก๋อย
CHIANGMAI,ฮอด,0.0,2023,ฮอด
CHIANGMAI,เชียงดาว,0.0,2023,เชียงดาว
CHIANGMAI,เมืองเชียงใหม่,0.0,2023,เมืองเชียงใหม่
CHIANGMAI,เวียงแหง,0.0,2023,เวียงแหง
CHIANGMAI,แม่ริม,0.0,2023,แม่ริม
CHIANGMAI,แม่วาง,0.0,2023,แม่วาง
CHIANGMAI,แม่ออน,0.0,2023,แม่ออน
CHIANGMAI,แม่อาย,0.0,2023,แม่อาย
CHIANGMAI,แม่แจ่ม,0.0,2023,แม่แจ่ม
CHIANGMAI,แม่แตง,0.0,2023,แม่แตง
CHIANGMAI,ไชยปราการ,0.0,2023,ไชยปราการ
KAMPHAENGPHET,ขาณุวรลักษบุรี,6277.742044130944,2023,ขาณุวรลักษบุรี
KAMPHAENGPHET,คลองขลุง,0.0,2023,คลองขลุง
KAMPHAENGPHET,คลองลาน,0.0,2023,คลองลาน
KAMPHAENGPHET,ทรายทองวัฒนา,0.0,2023,ทรายทองวัฒนา
KAMPHAENGPHET,บึงสามัคคี,0.0,2023,บึงสามัคคี
KAMPHAENGPHET,ปางศิลาทอง,0.0,2023,ปางศิลาทอง
KAMPHAENGPHET,พรานกระต่าย,1961.8906299269904,2023,พรานกระต่าย
KAMPHAENGPHET,ลานกระบือ,121.47408901015557,2023,ลานกระบือ
KAMPHAENGPHET,เมืองกำแพงเพชร,636.9258480400804,2023,เมืองกำแพงเพชร
KAMPHAENGPHET,โกสัมพีนคร,569.3030998978659,2023,โกสัมพีนคร
KAMPHAENGPHET,ไทรงาม,0.0,2023,ไทรงาม
LAMPANG,งาว,0.0,2023,งาว
LAMPANG,วังเหนือ,0.0,2023,วังเหนือ
LAMPANG,สบปราบ,0.0,2023,สบปราบ
LAMPANG,ห้างฉัตร,0.0,2023,ห้างฉัตร
LAMPANG,เกาะคา,0.0,2023,เกาะคา
LAMPANG,เถิน,328.3294516185288,2023,เถิน
LAMPANG,เมืองปาน,0.0,2023,เมืองปาน
LAMPANG,เมืองลำปาง,0.0,2023,เมืองลำปาง
LAMPANG,เสริมงาม,0.0,2023,เสริมงาม
LAMPANG,แจ้ห่ม,612.992359879719,2023,แจ้ห่ม
LAMPANG,แม่ทะ,0.0,2023,แม่ทะ
LAMPANG,แม่พริก,2937.339058695563,2023,แม่พริก
LAMPANG,แม่เมาะ,0.0,2023,แม่เมาะ
LAMPHUN,ทุ่งหัวช้าง,0.0,2023,ทุ่งหัวช้าง
LAMPHUN,บ้านธิ,0.0,2023,บ้านธิ
LAMPHUN,บ้านโฮ่ง,0.0,2023,บ้านโฮ่ง
LAMPHUN,ป่าซาง,0.0,2023,ป่าซาง
LAMPHUN,ลี้,0.0,2023,ลี้
LAMPHUN,เมืองลำพูน,0.0,2023,เมืองลำพูน
LAMPHUN,เวียงหนองล่อง,0.0,2023,เวียงหนองล่อง
LAMPHUN,แม่ทา,0.0,2023,แม่ทา
LOPBURI,ชัยบาดาล,0.0,2023,ชัยบาดาล
LOPBURI,ท่าวุ้ง,55985.1006738877,2023,ท่าวุ้ง
LOPBURI,ท่าหลวง,0.0,2023,ท่าหลวง
LOPBURI,บ้านหมี่,29291.595569984755,2023,บ้านหมี่
LOPBURI,พัฒนานิคม,0.0,2023,พัฒนานิคม
LOPBURI,ลำสนธิ,0.0,2023,ลำสนธิ
LOPBURI,สระโบสถ์,0.0,2023,สระโบสถ์
LOPBURI,หนองม่วง,0.0,2023,หนองม่วง
LOPBURI,เมืองลพบุรี,55503.71436497779,2023,เมืองลพบุรี
LOPBURI,โคกสำโรง,665.4519451077576,2023,โคกสำโรง
LOPBURI,โคกเจริญ,0.0,2023,โคกเจริญ
NAKHONPATHOM,กำแพงแสน,17201.91344846521,2023,กำแพงแสน
NAKHONPATHOM,ดอนตูม,5289.471959149472,2023,ดอนตูม
NAKHONPATHOM,นครชัยศรี,0.0,2023,นครชัยศรี
NAKHONPATHOM,บางเลน,39486.63468506542,2023,บางเลน
NAKHONPATHOM,พุทธมณฑล,0.0,2023,พุทธมณฑล
NAKHONPATHOM,สามพราน,0.0,2023,สามพราน
NAKHONPATHOM,เมืองนครปฐม,46.913849049888015,2023,เมืองนครปฐม
NAKHONSAWAN,ชุมตาบง,0.0,2023,ชุมตาบง
NAKHONSAWAN,ชุมแสง,164234.8000323679,2023,ชุมแสง
NAKHONSAWAN,ตากฟ้า,0.0,2023,ตากฟ้า
NAKHONSAWAN,ตาคลี,14972.735411635598,2023,ตาคลี
NAKHONSAWAN,ท่าตะโก,43476.77458318976,2023,ท่าตะโก
NAKHONSAWAN,บรรพตพิสัย,3598.400319988193,2023,บรรพตพิสัย
NAKHONSAWAN,พยุหะคีรี,11469.469178014677,2023,พยุหะคีรี
NAKHONSAWAN,ลาดยาว,0.0,2023,ลาดยาว
NAKHONSAWAN,หนองบัว,0.0,2023,หนองบัว
NAKHONSAWAN,เก้าเลี้ยว,15345.45223274536,2023,เก้าเลี้ยว
NAKHONSAWAN,เมืองนครสวรรค์,25534.46826130001,2023,เมืองนครสวรรค์
NAKHONSAWAN,แม่วงก์,0.0,2023,แม่วงก์
NAKHONSAWAN,แม่เปิน,0.0,2023,แม่เปิน
NAKHONSAWAN,โกรกพระ,19219.07716822802,2023,โกรกพระ
NAKHONSAWAN,ไพศาลี,594.0949165719153,2023,ไพศาลี
NONTHABURI,บางกรวย,0.0,2023,บางกรวย
NONTHABURI,บางบัวทอง,0.0,2023,บางบัวทอง
NONTHABURI,บางใหญ่,0.0,2023,บางใหญ่
NONTHABURI,ปากเกร็ด,0.0,2023,ปากเกร็ด
NONTHABURI,เมืองนนทบุรี,0.0,2023,เมืองนนทบุรี
NONTHABURI,ไทรน้อย,124.69584721895804,2023,ไทรน้อย
PATHUMTHANI,คลองหลวง,0.0,2023,คลองหลวง
PATHUMTHANI,ธัญบุรี,0.0,2023,ธัญบุรี
PATHUMTHANI,ลาดหลุมแก้ว,0.0,2023,ลาดหลุมแก้ว
PATHUMTHANI,ลำลูกกา,0.0,2023,ลำลูกกา
PATHUMTHANI,สามโคก,0.0,2023,สามโคก
PATHUMTHANI,หนองเสือ,0.0,2023,หนองเสือ
PATHUMTHANI,เมืองปทุมธานี,0.0,2023,เมืองปทุมธานี
PHETCHABUN,ชนแดน,1371.3520428178497,2023,ชนแดน
PHETCHABUN,น้ำหนาว,0.0,2023,น้ำหนาว
PHETCHABUN,บึงสามพัน,16165.00564278802,2023,บึงสามพัน
PHETCHABUN,วังโป่ง,0.0,2023,วังโป่ง
PHETCHABUN,วิเชียรบุรี,13292.778774622284,2023,วิเชียรบุรี
PHETCHABUN,ศรีเทพ,5193.078694375018,2023,ศรีเทพ
PHETCHABUN,หนองไผ่,52919.78896851352,2023,หนองไผ่
PHETCHABUN,หล่มสัก,16914.903399978433,2023,หล่มสัก
PHETCHABUN,หล่มเก่า,164.87964725586068,2023,หล่มเก่า
PHETCHABUN,เขาค้อ,0.0,2023,เขาค้อ
PHETCHABUN,เมืองเพชรบูรณ์,36611.178730344735,2023,เมืองเพชรบูรณ์
PHICHIT,ดงเจริญ,0.0,2023,ดงเจริญ
PHICHIT,ตะพานหิน,32441.992236996583,2023,ตะพานหิน
PHICHIT,ทับคล้อ,0.0,2023,ทับคล้อ
PHICHIT,บางมูลนาก,63567.4367841596,2023,บางมูลนาก
PHICHIT,บึงนาราง,8537.06836877333,2023,บึงนาราง
PHICHIT,วชิรบารมี,6727.633792859102,2023,วชิรบารมี
PHICHIT,วังทรายพูน,1590.3191890615467,2023,วังทรายพูน
PHICHIT,สากเหล็ก,4193.38802240295,2023,สากเหล็ก
PHICHIT,สามง่าม,40735.02535527532,2023,สามง่าม
PHICHIT,เมืองพิจิตร,47119.2316731839,2023,เมืองพิจิตร
PHICHIT,โพทะเล,63445.13500575478,2023,โพทะเล
PHICHIT,โพธิ์ประทับช้าง,39850.31898363949,2023,โพธิ์ประทับช้าง
PHITSANULOK,ชาติตระการ,0.0,2023,ชาติตระการ
PHITSANULOK,นครไทย,12066.964014070038,2023,นครไทย
PHITSANULOK,บางกระทุ่ม,13872.276587820952,2023,บางกระทุ่ม
PHITSANULOK,บางระกำ,120907.91862734304,2023,บางระกำ
PHITSANULOK,พรหมพิราม,42616.42198853652,2023,พรหมพิราม
PHITSANULOK,วังทอง,16330.22792725631,2023,วังทอง
PHITSANULOK,วัดโบสถ์,28.69945576193421,2023,วัดโบสถ์
PHITSANULOK,เนินมะปราง,423.0962960674866,2023,เนินมะปราง
PHITSANULOK,เมืองพิษณุโลก,18470.097050525088,2023,เมืองพิษณุโลก
SARABURI,ดอนพุด,20482.4935740792,2023,ดอนพุด
SARABURI,บ้านหมอ,8195.555659178797,2023,บ้านหมอ
SARABURI,พระพุทธบาท,48.59953284750837,2023,พระพุทธบาท
SARABURI,มวกเหล็ก,0.0,2023,มวกเหล็ก
SARABURI,วังม่วง,0.0,2023,วังม่วง
SARABURI,วิหารแดง,0.0,2023,วิหารแดง
SARABURI,หนองแค,0.0,2023,หนองแค
SARABURI,หนองแซง,0.0,2023,หนองแซง
SARABURI,หนองโดน,18463.315188992183,2023,หนองโดน
SARABURI,เฉลิมพระเกียรติ,0.0,2023,เฉลิมพระเกียรติ
SARABURI,เมืองสระบุรี,0.0,2023,เมืองสระบุรี
SARABURI,เสาไห้,0.0,2023,เสาไห้
SARABURI,แก่งคอย,0.0,2023,แก่งคอย
SINGBURI,ค่ายบางระจัน,3045.861408242158,2023,ค่ายบางระจัน
SINGBURI,ท่าช้าง,7756.660131392842,2023,ท่าช้าง
SINGBURI,บางระจัน,4896.004695513805,2023,บางระจัน
SINGBURI,พรหมบุรี,3503.292983567524,2023,พรหมบุรี
SINGBURI,อินทร์บุรี,26241.684146403502,2023,อินทร์บุรี
SINGBURI,เมืองสิงห์บุรี,6691.450009680272,2023,เมืองสิงห์บุรี
SUKHOTHAI,กงไกรลาศ,137821.61290012614,2023,กงไกรลาศ
SUKHOTHAI,คีรีมาศ,37145.43529328245,2023,คีรีมาศ
SUKHOTHAI,ทุ่งเสลี่ยม,99.4552413861054,2023,ทุ่งเสลี่ยม
SUKHOTHAI,บ้านด่านลานหอย,0.0,2023,บ้านด่านลานหอย
SUKHOTHAI,ศรีนคร,2091.48137317868,2023,ศรีนคร
SUKHOTHAI,ศรีสัชนาลัย,7726.750612071462,2023,ศรีสัชนาลัย
SUKHOTHAI,ศรีสำโรง,55367.816976664944,2023,ศรีสำโรง
SUKHOTHAI,สวรรคโลก,25535.693753195927,2023,สวรรคโลก
SUKHOTHAI,เมืองสุโขทัย,80528.2964978083,2023,เมืองสุโขทัย
SUPHANBURI,ดอนเจดีย์,0.0,2023,ดอนเจดีย์
SUPHANBURI,ด่านช้าง,0.0,2023,ด่านช้าง
SUPHANBURI,บางปลาม้า,175195.21637961434,2023,บางปลาม้า
SUPHANBURI,ศรีประจันต์,487.6260173877528,2023,ศรีประจันต์
SUPHANBURI,สองพี่น้อง,97114.07906671525,2023,สองพี่น้อง
SUPHANBURI,สามชุก,846.5322736611888,2023,สามชุก
SUPHANBURI,หนองหญ้าไซ,0.0,2023,หนองหญ้าไซ
SUPHANBURI,อู่ทอง,49038.94444849796,2023,อู่ทอง
SUPHANBURI,เดิมบางนางบวช,7251.65173755574,2023,เดิมบางนางบวช
SUPHANBURI,เมืองสุพรรณบุรี,52147.94996267483,2023,เมืองสุพรรณบุรี
TAK,ท่าสองยาง,0.0,2023,ท่าสองยาง
TAK,บ้านตาก,2609.636624656576,2023,บ้านตาก
TAK,พบพระ,0.0,2023,พบพระ
TAK,วังเจ้า,0.0,2023,วังเจ้า
TAK,สามเงา,26658.050086935134,2023,สามเงา
TAK,อุ้มผาง,0.0,2023,อุ้มผาง
TAK,เมืองตาก,787.6169427319601,2023,เมืองตาก
TAK,แม่ระมาด,0.0,2023,แม่ระมาด
TAK,แม่สอด,0.0,2023,แม่สอด
UTHAITHANI,ทัพทัน,0.0,2023,ทัพทัน
UTHAITHANI,บ้านไร่,0.0,2023,บ้านไร่
UTHAITHANI,ลานสัก,0.0,2023,ลานสัก
UTHAITHANI,สว่างอารมณ์,0.0,2023,สว่างอารมณ์
UTHAITHANI,หนองขาหย่าง,782.5831124021166,2023,หนองขาหย่าง
UTHAITHANI,หนองฉาง,0.0,2023,หนองฉาง
UTHAITHANI,ห้วยคต,0.0,2023,ห้วยคต
UTHAITHANI,เมืองอุทัยธานี,6214.875876496964,2023,เมืองอุทัยธานี
UTTARADIT,ตรอน,894.2224432177837,2023,ตรอน
UTTARADIT,ทองแสนขัน,0.0,2023,ทองแสนขัน
UTTARADIT,ท่าปลา,0.0,2023,ท่าปลา
UTTARADIT,น้ำปาด,0.0,2023,น้ำปาด
UTTARADIT,บ้านโคก,0.0,2023,บ้านโคก
UTTARADIT,พิชัย,8477.426534942057,2023,พิชัย
UTTARADIT,ฟากท่า,0.0,2023,ฟากท่า
UTTARADIT,ลับแล,13110.85968537196,2023,ลับแล
UTTARADIT,เมืองอุตรดิตถ์,567.1633958094758,2023,เมืองอุตรดิตถ์
ANGTHONG,ป่าโมก,7054.19057654241,2024,ป่าโมก
ANGTHONG,วิเศษชัยชาญ,42442.33594455965,2024,วิเศษชัยชาญ
ANGTHONG,สามโก้,1355.3122260414857,2024,สามโก้
ANGTHONG,เมืองอ่างทอง,13526.0373324192,2024,เมืองอ่างทอง
ANGTHONG,แสวงหา,16213.912017285256,2024,แสวงหา
ANGTHONG,โพธิ์ทอง,35430.47473846084,2024,โพธิ์ทอง
ANGTHONG,ไชโย,6587.297723258659,2024,ไชโย
AYUTTHAYA,ท่าเรือ,7675.405892728148,2024,ท่าเรือ
AYUTTHAYA,นครหลวง,12406.964164515435,2024,นครหลวง
AYUTTHAYA,บางซ้าย,72674.31136268473,2024,บางซ้าย
AYUTTHAYA,บางบาล,40203.85674292521,2024,บางบาล
AYUTTHAYA,บางปะหัน,25503.40796410793,2024,บางปะหัน
AYUTTHAYA,บางปะอิน,27014.255079484603,2024,บางปะอิน
AYUTTHAYA,บางไทร,56071.50928120253,2024,บางไทร
AYUTTHAYA,บ้านแพรก,9813.990654334448,2024,บ้านแพรก
AYUTTHAYA,ผักไห่,74895.15109996588,2024,ผักไห่
AYUTTHAYA,พระนครศรีอยุธยา,11388.912663904444,2024,พระนครศรีอยุธยา
AYUTTHAYA,ภาชี,0.0,2024,ภาชี
AYUTTHAYA,มหาราช,27406.979491687194,2024,มหาราช
AYUTTHAYA,ลาดบัวหลวง,28209.938281813527,2024,ลาดบัวหลวง
AYUTTHAYA,วังน้อย,5283.572989011983,2024,วังน้อย
AYUTTHAYA,อุทัย,7.765520920963749,2024,อุทัย
AYUTTHAYA,เสนา,86991.59600690148,2024,เสนา
BANGKOK,เขตคลองสาน,0.0,2024,คลองสาน
BANGKOK,เขตคลองสามวา,0.0,2024,คลองสามวา
BANGKOK,เขตคลองเตย,0.0,2024,คลองเตย
BANGKOK,เขตคันนายาว,0.0,2024,คันนายาว
BANGKOK,เขตจตุจักร,0.0,2024,จตุจักร
BANGKOK,เขตจอมทอง,0.0,2024,จอมทอง
BANGKOK,เขตดอนเมือง,0.0,2024,ดอนเมือง
BANGKOK,เขตดินแดง,0.0,2024,ดินแดง
BANGKOK,เขตดุสิต,0.0,2024,ดุสิต
BANGKOK,เขตตลิ่งชัน,0.0,2024,ตลิ่งชัน
BANGKOK,เขตทวีวัฒนา,0.0,2024,ทวีวัฒนา
BANGKOK,เขตทุ่งครุ,0.0,2024,ทุ่งครุ
BANGKOK,เขตธนบุรี,0.0,2024,ธนบุรี
BANGKOK,เขตบางกอกน้อย,0.0,2024,บางกอกน้อย
BANGKOK,เขตบางกอกใหญ่,0.0,2024,บางกอกใหญ่
BANGKOK,เขตบางกะปิ,0.0,2024,บางกะปิ
BANGKOK,เขตบางขุนเทียน,0.0,2024,บางขุนเทียน
BANGKOK,เขตบางคอแหลม,0.0,2024,บางคอแหลม
BANGKOK,เขตบางซื่อ,0.0,2024,บางซื่อ
BANGKOK,เขตบางนา,0.0,2024,บางนา
BANGKOK,เขตบางบอน,0.0,2024,บางบอน
BANGKOK,เขตบางพลัด,0.0,2024,บางพลัด
BANGKOK,เขตบางรัก,0.0,2024,บางรัก
BANGKOK,เขตบางเขน,0.0,2024,บางเขน
BANGKOK,เขตบางแค,0.0,2024,บางแค
BANGKOK,เขตบึงกุ่ม,0.0,2024,บึงกุ่ม
BANGKOK,เขตปทุมวัน,0.0,2024,ปทุมวัน
BANGKOK,เขตประเวศ,0.0,2024,ประเวศ
BANGKOK,เขตป้อมปราบศัตรูพ่าย,0.0,2024,ป้อมปราบศัตรูพ่าย
BANGKOK,เขตพญาไท,0.0,2024,พญาไท
BANGKOK,เขตพระนคร,0.0,2024,พระนคร
BANGKOK,เขตพระโขนง,0.0,2024,พระโขนง
BANGKOK,เขตภาษีเจริญ,0.0,2024,ภาษีเจริญ
BANGKOK,เขตมีนบุรี,0.0,2024,มีนบุรี
BANGKOK,เขตยานนาวา,0.0,2024,ยานนาวา
BANGKOK,เขตราชเทวี,0.0,2024,ราชเทวี
BANGKOK,เขตราษฎร์บูรณะ,0.0,2024,ราษฎร์บูรณะ
BANGKOK,เขตลาดกระบัง,0.0,2024,ลาดกระบัง
BANGKOK,เขตลาดพร้าว,0.0,2024,ลาดพร้าว
BANGKOK,เขตวังทองหลาง,0.0,2024,วังทองหลาง
BANGKOK,เขตวัฒนา,0.0,2024,วัฒนา
BANGKOK,เขตสวนหลวง,0.0,2024,สวนหลวง
BANGKOK,เขตสะพานสูง,0.0,2024,สะพานสูง
BANGKOK,เขตสัมพันธวงศ์,0.0,2024,สัมพันธวงศ์
BANGKOK,เขตสาทร,0.0,2024,สาทร
BANGKOK,เขตสายไหม,0.0,2024,สายไหม
BANGKOK,เขตหนองจอก,0.0,2024,หนองจอก
BANGKOK,เขตหนองแขม,0.0,2024,หนองแขม
BANGKOK,เขตหลักสี่,0.0,2024,หลักสี่
BANGKOK,เขตห้วยขวาง,0.0,2024,ห้วยขวาง
CHAINAT,มโนรมย์,14779.15989766541,2024,มโนรมย์
CHAINAT,วัดสิงห์,98.74218583726832,2024,วัดสิงห์
CHAINAT,สรรคบุรี,6130.774000117371,2024,สรรคบุรี
CHAINAT,สรรพยา,35971.541910696746,2024,สรรพยา
CHAINAT,หนองมะโมง,0.0,2024,หนองมะโมง
CHAINAT,หันคา,1865.808078243228,2024,หันคา
CHAINAT,เนินขาม,0.0,2024,เนินขาม
CHAINAT,เมืองชัยนาท,1971.9112312341565,2024,เมืองชัยนาท
CHIANGMAI,กัลยาณิวัฒนา,0.0,2024,กัลยาณิวัฒนา
CHIANGMAI,จอมทอง,621.0346068179324,2024,จอมทอง
CHIANGMAI,ดอยสะเก็ด,1962.833135084404,2024,ดอยสะเก็ด
CHIANGMAI,ดอยหล่อ,5800.965176550973,2024,ดอยหล่อ
CHIANGMAI,ดอยเต่า,26.958306726406686,2024,ดอยเต่า
CHIANGMAI,ฝาง,2014.5924337696551,2024,ฝาง
CHIANGMAI,พร้าว,0.0,2024,พร้าว
CHIANGMAI,สะเมิง,0.0,2024,สะเมิง
CHIANGMAI,สันกำแพง,4428.7446994743295,2024,สันกำแพง
CHIANGMAI,สันทราย,678.774533742304,2024,สันทราย
CHIANGMAI,สันป่าตอง,27914.81421759535,2024,สันป่าตอง
CHIANGMAI,สารภี,39764.9355388013,2024,สารภี
CHIANGMAI,หางดง,10162.009320008783,2024,หางดง
CHIANGMAI,อมก๋อย,1535.3440925213683,2024,อมก๋อย
CHIANGMAI,ฮอด,1321.1957194005304,2024,ฮอด
CHIANGMAI,เชียงดาว,0.0,2024,เชียงดาว
CHIANGMAI,เมืองเชียงใหม่,19813.46597044033,2024,เมืองเชียงใหม่
CHIANGMAI,เวียงแหง,0.0,2024,เวียงแหง
CHIANGMAI,แม่ริม,1721.7392765627314,2024,แม่ริม
CHIANGMAI,แม่วาง,293.9206977664041,2024,แม่วาง
CHIANGMAI,แม่ออน,106.05711907588062,2024,แม่ออน
CHIANGMAI,แม่อาย,14031.7453816838,2024,แม่อาย
CHIANGMAI,แม่แจ่ม,0.0,2024,แม่แจ่ม
CHIANGMAI,แม่แตง,0.0,2024,แม่แตง
CHIANGMAI,ไชยปราการ,0.0,2024,ไชยปราการ
KAMPHAENGPHET,ขาณุวรลักษบุรี,0.0,2024,ขาณุวรลักษบุรี
KAMPHAENGPHET,คลองขลุง,0.0,2024,คลองขลุง
KAMPHAENGPHET,คลองลาน,10335.089906252691,2024,คลองลาน
KAMPHAENGPHET,ทรายทองวัฒนา,0.0,2024,ทรายทองวัฒนา
KAMPHAENGPHET,บึงสามัคคี,0.0,2024,บึงสามัคคี
KAMPHAENGPHET,ปางศิลาทอง,272.08369389004264,2024,ปางศิลาทอง
KAMPHAENGPHET,พรานกระต่าย,0.0,2024,พรานกระต่าย
KAMPHAENGPHET,ลานกระบือ,0.0,2024,ลานกระบือ
KAMPHAENGPHET,เมืองกำแพงเพชร,0.0,2024,เมืองกำแพงเพชร
KAMPHAENGPHET,โกสัมพีนคร,0.0,2024,โกสัมพีนคร
KAMPHAENGPHET,ไทรงาม,0.0,2024,ไทรงาม
LAMPANG,งาว,0.0,2024,งาว
LAMPANG,วังเหนือ,0.0,2024,วังเหนือ
LAMPANG,สบปราบ,0.0,2024,สบปราบ
LAMPANG,ห้างฉัตร,0.0,2024,ห้างฉัตร
LAMPANG,เกาะคา,1697.7551346297198,2024,เกาะคา
LAMPANG,เถิน,6443.6824353458105,2024,เถิน
LAMPANG,เมืองปาน,0.0,2024,เมืองปาน
LAMPANG,เมืองลำปาง,72.28794199781017,2024,เมืองลำปาง
LAMPANG,เสริมงาม,0.0,2024,เสริมงาม
LAMPANG,แจ้ห่ม,0.0,2024,แจ้ห่ม
LAMPANG,แม่ทะ,0.0,2024,แม่ทะ
LAMPANG,แม่พริก,11172.00587511729,2024,แม่พริก
LAMPANG,แม่เมาะ,0.0,2024,แม่เมาะ
LAMPHUN,ทุ่งหัวช้าง,563.8559063791856,2024,ทุ่งหัวช้าง
LAMPHUN,บ้านธิ,2015.5541669477464,2024,บ้านธิ
LAMPHUN,บ้านโฮ่ง,765.0838132852253,2024,บ้านโฮ่ง
LAMPHUN,ป่าซาง,4072.895139197212,2024,ป่าซาง
LAMPHUN,ลี้,9117.072560842082,2024,ลี้
LAMPHUN,เมืองลำพูน,36141.99676864391,2024,เมืองลำพูน
LAMPHUN,เวียงหนองล่อง,2106.225396167133,2024,เวียงหนองล่อง
LAMPHUN,แม่ทา,48.64095132450456,2024,แม่ทา
LOPBURI,ชัยบาดาล,0.0,2024,ชัยบาดาล
LOPBURI,ท่าวุ้ง,51205.29610859064,2024,ท่าวุ้ง
LOPBURI,ท่าหลวง,0.0,2024,ท่าหลวง
LOPBURI,บ้านหมี่,13343.695211287197,2024,บ้านหมี่
LOPBURI,พัฒนานิคม,0.0,2024,พัฒนานิคม
LOPBURI,ลำสนธิ,0.0,2024,ลำสนธิ
LOPBURI,สระโบสถ์,0.0,2024,สระโบสถ์
LOPBURI,หนองม่วง,0.0,2024,หนองม่วง
LOPBURI,เมืองลพบุรี,54251.66336870853,2024,เมืองลพบุรี
LOPBURI,โคกสำโรง,2225.927133221864,2024,โคกสำโรง
LOPBURI,โคกเจริญ,0.0,2024,โคกเจริญ
NAKHONPATHOM,กำแพงแสน,23856.507976996527,2024,กำแพงแสน
NAKHONPATHOM,ดอนตูม,5810.212605679915,2024,ดอนตูม
NAKHONPATHOM,นครชัยศรี,0.0,2024,นครชัยศรี
NAKHONPATHOM,บางเลน,33648.28184931359,2024,บางเลน
NAKHONPATHOM,พุทธมณฑล,0.0,2024,พุทธมณฑล
NAKHONPATHOM,สามพราน,0.0,2024,สามพราน
NAKHONPATHOM,เมืองนครปฐม,0.0,2024,เมืองนครปฐม
NAKHONSAWAN,ชุมตาบง,0.0,2024,ชุมตาบง
NAKHONSAWAN,ชุมแสง,202561.5362603399,2024,ชุมแสง
NAKHONSAWAN,ตากฟ้า,0.0,2024,ตากฟ้า
NAKHONSAWAN,ตาคลี,13477.332358608495,2024,ตาคลี
NAKHONSAWAN,ท่าตะโก,91892.82960152168,2024,ท่าตะโก
NAKHONSAWAN,บรรพตพิสัย,548.0116335534445,2024,บรรพตพิสัย
NAKHONSAWAN,พยุหะคีรี,7110.8862954869965,2024,พยุหะคีรี
NAKHONSAWAN,ลาดยาว,0.0,2024,ลาดยาว
NAKHONSAWAN,หนองบัว,121.54867877275784,2024,หนองบัว
NAKHONSAWAN,เก้าเลี้ยว,25210.511406083635,2024,เก้าเลี้ยว
NAKHONSAWAN,เมืองนครสวรรค์,26644.56704028261,2024,เมืองนครสวรรค์
NAKHONSAWAN,แม่วงก์,0.0,2024,แม่วงก์
NAKHONSAWAN,แม่เปิน,0.0,2024,แม่เปิน
NAKHONSAWAN,โกรกพระ,26927.939929206997,2024,โกรกพระ
NAKHONSAWAN,ไพศาลี,0.0,2024,ไพศาลี
NONTHABURI,บางกรวย,0.0,2024,บางกรวย
NONTHABURI,บางบัวทอง,0.0,2024,บางบัวทอง
NONTHABURI,บางใหญ่,0.0,2024,บางใหญ่
NONTHABURI,ปากเกร็ด,0.0,2024,ปากเกร็ด
NONTHABURI,เมืองนนทบุรี,0.0,2024,เมืองนนทบุรี
NONTHABURI,ไทรน้อย,0.0,2024,ไทรน้อย
PATHUMTHANI,คลองหลวง,0.0,2024,คลองหลวง
PATHUMTHANI,ธัญบุรี,0.0,2024,ธัญบุรี
PATHUMTHANI,ลาดหลุมแก้ว,0.0,2024,ลาดหลุมแก้ว
PATHUMTHANI,ลำลูกกา,0.0,2024,ลำลูกกา
PATHUMTHANI,สามโคก,0.0,2024,สามโคก
PATHUMTHANI,หนองเสือ,0.0,2024,หนองเสือ
PATHUMTHANI,เมืองปทุมธานี,0.0,2024,เมืองปทุมธานี
PHETCHABUN,ชนแดน,0.0,2024,ชนแดน
PHETCHABUN,น้ำหนาว,0.0,2024,น้ำหนาว
PHETCHABUN,บึงสามพัน,11051.254256321963,2024,บึงสามพัน
PHETCHABUN,วังโป่ง,0.0,2024,วังโป่ง
PHETCHABUN,วิเชียรบุรี,5418.671719110758,2024,วิเชียรบุรี
PHETCHABUN,ศรีเทพ,0.0,2024,ศรีเทพ
PHETCHABUN,หนองไผ่,62570.279066962816,2024,หนองไผ่
PHETCHABUN,หล่มสัก,16906.130706057585,2024,หล่มสัก
PHETCHABUN,หล่มเก่า,290.63659267140486,2024,หล่มเก่า
PHETCHABUN,เขาค้อ,0.0,2024,เขาค้อ
PHETCHABUN,เมืองเพชรบูรณ์,32114.412606732625,2024,เมืองเพชรบูรณ์
PHICHIT,ดงเจริญ,0.0,2024,ดงเจริญ
PHICHIT,ตะพานหิน,43277.68945310562,2024,ตะพานหิน
PHICHIT,ทับคล้อ,0.0,2024,ทับคล้อ
PHICHIT,บางมูลนาก,76532.95214646256,2024,บางมูลนาก
PHICHIT,บึงนาราง,18792.421871031645,2024,บึงนาราง
PHICHIT,วชิรบารมี,15083.153570536651,2024,วชิรบารมี
PHICHIT,วังทรายพูน,5087.227688889134,2024,วังทรายพูน
PHICHIT,สากเหล็ก,11434.64030065427,2024,สากเหล็ก
PHICHIT,สามง่าม,71013.94944889826,2024,สามง่าม
PHICHIT,เมืองพิจิตร,70169.22651469347,2024,เมืองพิจิตร
PHICHIT,โพทะเล,97531.30490190204,2024,โพทะเล
PHICHIT,โพธิ์ประทับช้าง,53793.62927081247,2024,โพธิ์ประทับช้าง
PHITSANULOK,ชาติตระการ,0.0,2024,ชาติตระการ
PHITSANULOK,นครไทย,16234.188594389429,2024,นครไทย
PHITSANULOK,บางกระทุ่ม,47999.60050053863,2024,บางกระทุ่ม
PHITSANULOK,บางระกำ,170453.5866071552,2024,บางระกำ
PHITSANULOK,พรหมพิราม,160425.5641836758,2024,พรหมพิราม
PHITSANULOK,วังทอง,17326.5000831067,2024,วังทอง
PHITSANULOK,วัดโบสถ์,1701.4668034243016,2024,วัดโบสถ์
PHITSANULOK,เนินมะปราง,0.0,2024,เนินมะปราง
PHITSANULOK,เมืองพิษณุโลก,59556.78456570593,2024,เมืองพิษณุโลก
SARABURI,ดอนพุด,20779.13087553431,2024,ดอนพุด
SARABURI,บ้านหมอ,15539.72139314036,2024,บ้านหมอ
SARABURI,พระพุทธบาท,0.1835592365166562,2024,พระพุทธบาท
SARABURI,มวกเหล็ก,0.0,2024,มวกเหล็ก
SARABURI,วังม่วง,0.0,2024,วังม่วง
SARABURI,วิหารแดง,0.0,2024,วิหารแดง
SARABURI,หนองแค,0.0,2024,หนองแค
SARABURI,หนองแซง,0.0,2024,หนองแซง
SARABURI,หนองโดน,21745.861882806857,2024,หนองโดน
SARABURI,เฉลิมพระเกียรติ,0.0,2024,เฉลิมพระเกียรติ
SARABURI,เมืองสระบุรี,0.0,2024,เมืองสระบุรี
SARABURI,เสาไห้,0.0,2024,เสาไห้
SARABURI,แก่งคอย,0.0,2024,แก่งคอย
SINGBURI,ค่ายบางระจัน,2106.508685504841,2024,ค่ายบางระจัน
SINGBURI,ท่าช้าง,8622.058990624875,2024,ท่าช้าง
SINGBURI,บางระจัน,0.0,2024,บางระจัน
SINGBURI,พรหมบุรี,8687.667468752723,2024,พรหมบุรี
SINGBURI,อินทร์บุรี,18485.86211182827,2024,อินทร์บุรี
SINGBURI,เมืองสิงห์บุรี,1318.2764571149396,2024,เมืองสิงห์บุรี
SUKHOTHAI,กงไกรลาศ,189447.8097332596,2024,กงไกรลาศ
SUKHOTHAI,คีรีมาศ,38789.61889064426,2024,คีรีมาศ
SUKHOTHAI,ทุ่งเสลี่ยม,3272.171318929015,2024,ทุ่งเสลี่ยม
SUKHOTHAI,บ้านด่านลานหอย,0.0,2024,บ้านด่านลานหอย
SUKHOTHAI,ศรีนคร,790.008541867599,2024,ศรีนคร
SUKHOTHAI,ศรีสัชนาลัย,5359.738183013104,2024,ศรีสัชนาลัย
SUKHOTHAI,ศรีสำโรง,73793.70909661593,2024,ศรีสำโรง
SUKHOTHAI,สวรรคโลก,48990.92856243487,2024,สวรรคโลก
SUKHOTHAI,เมืองสุโขทัย,103170.95621913076,2024,เมืองสุโขทัย
SUPHANBURI,ดอนเจดีย์,9706.745616157532,2024,ดอนเจดีย์
SUPHANBURI,ด่านช้าง,0.0,2024,ด่านช้าง
SUPHANBURI,บางปลาม้า,180626.985302071,2024,บางปลาม้า
SUPHANBURI,ศรีประจันต์,13468.660347668168,2024,ศรีประจันต์
SUPHANBURI,สองพี่น้อง,117177.21450368536,2024,สองพี่น้อง
SUPHANBURI,สามชุก,21531.11740056756,2024,สามชุก
SUPHANBURI,หนองหญ้าไซ,0.0,2024,หนองหญ้าไซ
SUPHANBURI,อู่ทอง,64606.18181289134,2024,อู่ทอง
SUPHANBURI,เดิมบางนางบวช,19407.248670922825,2024,เดิมบางนางบวช
SUPHANBURI,เมืองสุพรรณบุรี,89896.51122703601,2024,เมืองสุพรรณบุรี
TAK,ท่าสองยาง,0.0,2024,ท่าสองยาง
TAK,บ้านตาก,12303.033447456302,2024,บ้านตาก
TAK,พบพระ,1080.457277624126,2024,พบพระ
TAK,วังเจ้า,925.535213293879,2024,วังเจ้า
TAK,สามเงา,38843.91481271614,2024,สามเงา
TAK,อุ้มผาง,0.0,2024,อุ้มผาง
TAK,เมืองตาก,946.25867683682,2024,เมืองตาก
TAK,แม่ระมาด,3603.553730334228,2024,แม่ระมาด
TAK,แม่สอด,9735.130625467156,2024,แม่สอด
UTHAITHANI,ทัพทัน,0.0,2024,ทัพทัน
UTHAITHANI,บ้านไร่,0.0,2024,บ้านไร่
UTHAITHANI,ลานสัก,0.0,2024,ลานสัก
UTHAITHANI,สว่างอารมณ์,0.0,2024,สว่างอารมณ์
UTHAITHANI,หนองขาหย่าง,1090.9779975943668,2024,หนองขาหย่าง
UTHAITHANI,หนองฉาง,0.0,2024,หนองฉาง
UTHAITHANI,ห้วยคต,0.0,2024,ห้วยคต
UTHAITHANI,เมืองอุทัยธานี,7137.602359375994,2024,เมืองอุทัยธานี
UTTARADIT,ตรอน,0.0,2024,ตรอน
UTTARADIT,ทองแสนขัน,0.0,2024,ทองแสนขัน
UTTARADIT,ท่าปลา,0.0,2024,ท่าปลา
UTTARADIT,น้ำปาด,2351.3625906902416,2024,น้ำปาด
UTTARADIT,บ้านโคก,0.0,2024,บ้านโคก
UTTARADIT,พิชัย,28452.535375009185,2024,พิชัย
UTTARADIT,ฟากท่า,877.3423489420777,2024,ฟากท่า
UTTARADIT,ลับแล,0.0,2024,ลับแล
UTTARADIT,เมืองอุตรดิตถ์,0.0,2024,เมืองอุตรดิตถ์
