pid,amphoe,rai
ANGTHONG,ป่าโมก,9152.58049930077
ANGTHONG,วิเศษชัยชาญ,37867.98154955673
ANGTHONG,สามโก้,2924.0227661035055
ANGTHONG,เมืองอ่างทอง,10205.943492582235
ANGTHONG,แสวงหา,13347.264553887639
ANGTHONG,โพธิ์ทอง,25442.13655798066
ANGTHONG,ไชโย,3768.7555413784976
AYUTTHAYA,ท่าเรือ,3095.19119593737
AYUTTHAYA,นครหลวง,3810.496175701037
AYUTTHAYA,บางซ้าย,72196.53210302003
AYUTTHAYA,บางบาล,34662.36576201952
AYUTTHAYA,บางปะหัน,18538.971474843816
AYUTTHAYA,บางปะอิน,17674.32181022652
AYUTTHAYA,บางไทร,38231.93828991679
AYUTTHAYA,บ้านแพรก,9895.524368961773
AYUTTHAYA,ผักไห่,74741.95693641658
AYUTTHAYA,พระนครศรีอยุธยา,8181.742047281972
AYUTTHAYA,ภาชี,186.13285775760158
AYUTTHAYA,มหาราช,23302.157479735222
AYUTTHAYA,ลาดบัวหลวง,22811.654405516438
AYUTTHAYA,วังน้อย,3841.6484687885577
AYUTTHAYA,อุทัย,2739.967960160751
AYUTTHAYA,เสนา,81672.35556682239
BANGKOK,เขตคลองสาน,0.0
BANGKOK,เขตคลองสามวา,0.0
BANGKOK,เขตคลองเตย,0.0
BANGKOK,เขตคันนายาว,0.0
BANGKOK,เขตจตุจักร,0.0
BANGKOK,เขตจอมทอง,0.0
BANGKOK,เขตดอนเมือง,0.0
BANGKOK,เขตดินแดง,0.0
BANGKOK,เขตดุสิต,0.0
BANGKOK,เขตตลิ่งชัน,0.0
BANGKOK,เขตทวีวัฒนา,0.0
BANGKOK,เขตทุ่งครุ,0.0
BANGKOK,เขตธนบุรี,0.0
BANGKOK,เขตบางกอกน้อย,0.0
BANGKOK,เขตบางกอกใหญ่,0.0
BANGKOK,เขตบางกะปิ,0.0
BANGKOK,เขตบางขุนเทียน,0.0
BANGKOK,เขตบางคอแหลม,0.0
BANGKOK,เขตบางซื่อ,0.0
BANGKOK,เขตบางนา,0.0
BANGKOK,เขตบางบอน,0.0
BANGKOK,เขตบางพลัด,0.0
BANGKOK,เขตบางรัก,0.0
BANGKOK,เขตบางเขน,0.0
BANGKOK,เขตบางแค,0.0
BANGKOK,เขตบึงกุ่ม,0.0
BANGKOK,เขตปทุมวัน,0.0
BANGKOK,เขตประเวศ,0.0
BANGKOK,เขตป้อมปราบศัตรูพ่าย,0.0
BANGKOK,เขตพญาไท,0.0
BANGKOK,เขตพระนคร,0.0
BANGKOK,เขตพระโขนง,0.0
BANGKOK,เขตภาษีเจริญ,0.0
BANGKOK,เขตมีนบุรี,0.0
BANGKOK,เขตยานนาวา,0.0
BANGKOK,เขตราชเทวี,0.0
BANGKOK,เขตราษฎร์บูรณะ,0.0
BANGKOK,เขตลาดกระบัง,0.0
BANGKOK,เขตลาดพร้าว,0.0
BANGKOK,เขตวังทองหลาง,0.0
BANGKOK,เขตวัฒนา,0.0
BANGKOK,เขตสวนหลวง,0.0
BANGKOK,เขตสะพานสูง,0.0
BANGKOK,เขตสัมพันธวงศ์,0.0
BANGKOK,เขตสาทร,0.0
BANGKOK,เขตสายไหม,0.0
BANGKOK,เขตหนองจอก,0.0
BANGKOK,เขตหนองแขม,0.0
BANGKOK,เขตหลักสี่,0.0
BANGKOK,เขตห้วยขวาง,0.0
CHAINAT,มโนรมย์,2102.5345534533085
CHAINAT,วัดสิงห์,802.6390214553236
CHAINAT,สรรคบุรี,5866.7784899162425
CHAINAT,สรรพยา,17551.1134283907
CHAINAT,หนองมะโมง,0.0
CHAINAT,หันคา,8181.6285140941545
CHAINAT,เนินขาม,0.0
CHAINAT,เมืองชัยนาท,1808.025974731821
CHIANGMAI,กัลยาณิวัฒนา,0.0
CHIANGMAI,จอมทอง,0.0
CHIANGMAI,ดอยสะเก็ด,0.0
CHIANGMAI,ดอยหล่อ,0.0
CHIANGMAI,ดอยเต่า,0.0
CHIANGMAI,ฝาง,0.0
CHIANGMAI,พร้าว,0.0
CHIANGMAI,สะเมิง,0.0
CHIANGMAI,สันกำแพง,0.0
CHIANGMAI,สันทราย,0.0
CHIANGMAI,สันป่าตอง,0.0
CHIANGMAI,สารภี,0.0
CHIANGMAI,หางดง,0.0
CHIANGMAI,อมก๋อย,0.0
CHIANGMAI,ฮอด,0.0
CHIANGMAI,เชียงดาว,0.0
CHIANGMAI,เมืองเชียงใหม่,0.0
CHIANGMAI,เวียงแหง,0.0
CHIANGMAI,แม่ริม,0.0
CHIANGMAI,แม่วาง,0.0
CHIANGMAI,แม่ออน,0.0
CHIANGMAI,แม่อาย,0.0
CHIANGMAI,แม่แจ่ม,0.0
CHIANGMAI,แม่แตง,0.0
CHIANGMAI,ไชยปราการ,0.0
KAMPHAENGPHET,ขาณุวรลักษบุรี,6277.742044130944
KAMPHAENGPHET,คลองขลุง,0.0
KAMPHAENGPHET,คลองลาน,0.0
KAMPHAENGPHET,ทรายทองวัฒนา,0.0
KAMPHAENGPHET,บึงสามัคคี,0.0
KAMPHAENGPHET,ปางศิลาทอง,0.0
KAMPHAENGPHET,พรานกระต่าย,1961.8906299269904
KAMPHAENGPHET,ลานกระบือ,121.47408901015555
KAMPHAENGPHET,เมืองกำแพงเพชร,636.9258480400804
KAMPHAENGPHET,โกสัมพีนคร,569.3030998978659
KAMPHAENGPHET,ไทรงาม,0.0
LAMPANG,งาว,0.0
LAMPANG,วังเหนือ,0.0
LAMPANG,สบปราบ,0.0
LAMPANG,ห้างฉัตร,0.0
LAMPANG,เกาะคา,0.0
LAMPANG,เถิน,328.3294516185288
LAMPANG,เมืองปาน,0.0
LAMPANG,เมืองลำปาง,0.0
LAMPANG,เสริมงาม,0.0
LAMPANG,แจ้ห่ม,612.992359879719
LAMPANG,แม่ทะ,0.0
LAMPANG,แม่พริก,2937.339058695563
LAMPANG,แม่เมาะ,0.0
LAMPHUN,ทุ่งหัวช้าง,0.0
LAMPHUN,บ้านธิ,0.0
LAMPHUN,บ้านโฮ่ง,0.0
LAMPHUN,ป่าซาง,0.0
LAMPHUN,ลี้,0.0
LAMPHUN,เมืองลำพูน,0.0
LAMPHUN,เวียงหนองล่อง,0.0
LAMPHUN,แม่ทา,0.0
LOPBURI,ชัยบาดาล,0.0
LOPBURI,ท่าวุ้ง,55985.100673887704
LOPBURI,ท่าหลวง,0.0
LOPBURI,บ้านหมี่,29291.595569984755
LOPBURI,พัฒนานิคม,0.0
LOPBURI,ลำสนธิ,0.0
LOPBURI,สระโบสถ์,0.0
LOPBURI,หนองม่วง,0.0
LOPBURI,เมืองลพบุรี,55503.71436497779
LOPBURI,โคกสำโรง,665.4519451077576
LOPBURI,โคกเจริญ,0.0
NAKHONPATHOM,กำแพงแสน,17201.91344846521
NAKHONPATHOM,ดอนตูม,5289.471959149472
NAKHONPATHOM,นครชัยศรี,0.0
NAKHONPATHOM,บางเลน,39486.63468506542
NAKHONPATHOM,พุทธมณฑล,0.0
NAKHONPATHOM,สามพราน,0.0
NAKHONPATHOM,เมืองนครปฐม,46.913849049888015
NAKHONSAWAN,ชุมตาบง,0.0
NAKHONSAWAN,ชุมแสง,164234.8000323679
NAKHONSAWAN,ตากฟ้า,0.0
NAKHONSAWAN,ตาคลี,14972.735411635598
NAKHONSAWAN,ท่าตะโก,43476.774583189756
NAKHONSAWAN,บรรพตพิสัย,3598.400319988193
NAKHONSAWAN,พยุหะคีรี,11469.469178014677
NAKHONSAWAN,ลาดยาว,0.0
NAKHONSAWAN,หนองบัว,0.0
NAKHONSAWAN,เก้าเลี้ยว,15345.45223274536
NAKHONSAWAN,เมืองนครสวรรค์,25534.468261300015
NAKHONSAWAN,แม่วงก์,0.0
NAKHONSAWAN,แม่เปิน,0.0
NAKHONSAWAN,โกรกพระ,19219.07716822802
NAKHONSAWAN,ไพศาลี,594.0949165719153
NONTHABURI,บางกรวย,0.0
NONTHABURI,บางบัวทอง,0.0
NONTHABURI,บางใหญ่,0.0
NONTHABURI,ปากเกร็ด,0.0
NONTHABURI,เมืองนนทบุรี,0.0
NONTHABURI,ไทรน้อย,124.69584721895805
PATHUMTHANI,คลองหลวง,0.0
PATHUMTHANI,ธัญบุรี,0.0
PATHUMTHANI,ลาดหลุมแก้ว,0.0
PATHUMTHANI,ลำลูกกา,0.0
PATHUMTHANI,สามโคก,0.0
PATHUMTHANI,หนองเสือ,0.0
PATHUMTHANI,เมืองปทุมธานี,0.0
PHETCHABUN,ชนแดน,1371.3520428178495
PHETCHABUN,น้ำหนาว,0.0
PHETCHABUN,บึงสามพัน,16165.005642788019
PHETCHABUN,วังโป่ง,0.0
PHETCHABUN,วิเชียรบุรี,13292.778774622284
PHETCHABUN,ศรีเทพ,5193.078694375018
PHETCHABUN,หนองไผ่,52919.788968513516
PHETCHABUN,หล่มสัก,16914.903399978433
PHETCHABUN,หล่มเก่า,164.87964725586068
PHETCHABUN,เขาค้อ,0.0
PHETCHABUN,เมืองเพชรบูรณ์,36611.178730344735
PHICHIT,ดงเจริญ,0.0
PHICHIT,ตะพานหิน,32441.992236996583
PHICHIT,ทับคล้อ,0.0
PHICHIT,บางมูลนาก,63567.436784159596
PHICHIT,บึงนาราง,8537.06836877333
PHICHIT,วชิรบารมี,6727.633792859102
PHICHIT,วังทรายพูน,1590.3191890615467
PHICHIT,สากเหล็ก,4193.38802240295
PHICHIT,สามง่าม,40735.02535527532
PHICHIT,เมืองพิจิตร,47119.2316731839
PHICHIT,โพทะเล,63445.13500575478
PHICHIT,โพธิ์ประทับช้าง,39850.31898363949
PHITSANULOK,ชาติตระการ,0.0
PHITSANULOK,นครไทย,12066.964014070038
PHITSANULOK,บางกระทุ่ม,13872.276587820952
PHITSANULOK,บางระกำ,120907.91862734305
PHITSANULOK,พรหมพิราม,42616.42198853652
PHITSANULOK,วังทอง,16330.22792725631
PHITSANULOK,วัดโบสถ์,28.69945576193421
PHITSANULOK,เนินมะปราง,423.0962960674866
PHITSANULOK,เมืองพิษณุโลก,18470.097050525088
SARABURI,ดอนพุด,20482.4935740792
SARABURI,บ้านหมอ,8195.555659178797
SARABURI,พระพุทธบาท,48.59953284750837
SARABURI,มวกเหล็ก,0.0
SARABURI,วังม่วง,0.0
SARABURI,วิหารแดง,0.0
SARABURI,หนองแค,0.0
SARABURI,หนองแซง,0.0
SARABURI,หนองโดน,18463.315188992186
SARABURI,เฉลิมพระเกียรติ,0.0
SARABURI,เมืองสระบุรี,0.0
SARABURI,เสาไห้,0.0
SARABURI,แก่งคอย,0.0
SINGBURI,ค่ายบางระจัน,3045.8614082421586
SINGBURI,ท่าช้าง,7756.660131392842
SINGBURI,บางระจัน,4896.004695513805
SINGBURI,พรหมบุรี,3503.2929835675236
SINGBURI,อินทร์บุรี,26241.684146403506
SINGBURI,เมืองสิงห์บุรี,6691.450009680272
SUKHOTHAI,กงไกรลาศ,137821.61290012614
SUKHOTHAI,คีรีมาศ,37145.43529328245
SUKHOTHAI,ทุ่งเสลี่ยม,99.4552413861054
SUKHOTHAI,บ้านด่านลานหอย,0.0
SUKHOTHAI,ศรีนคร,2091.48137317868
SUKHOTHAI,ศรีสัชนาลัย,7726.750612071462
SUKHOTHAI,ศรีสำโรง,55367.816976664944
SUKHOTHAI,สวรรคโลก,25535.693753195927
SUKHOTHAI,เมืองสุโขทัย,80528.2964978083
SUPHANBURI,ดอนเจดีย์,0.0
SUPHANBURI,ด่านช้าง,0.0
SUPHANBURI,บางปลาม้า,175195.21637961434
SUPHANBURI,ศรีประจันต์,487.6260173877528
SUPHANBURI,สองพี่น้อง,97114.07906671523
SUPHANBURI,สามชุก,846.5322736611888
SUPHANBURI,หนองหญ้าไซ,0.0
SUPHANBURI,อู่ทอง,49038.94444849796
SUPHANBURI,เดิมบางนางบวช,7251.65173755574
SUPHANBURI,เมืองสุพรรณบุรี,52147.94996267483
TAK,ท่าสองยาง,0.0
TAK,บ้านตาก,2609.636624656576
TAK,พบพระ,0.0
TAK,วังเจ้า,0.0
TAK,สามเงา,26658.050086935138
TAK,อุ้มผาง,0.0
TAK,เมืองตาก,787.6169427319601
TAK,แม่ระมาด,0.0
TAK,แม่สอด,0.0
UTHAITHANI,ทัพทัน,0.0
UTHAITHANI,บ้านไร่,0.0
UTHAITHANI,ลานสัก,0.0
UTHAITHANI,สว่างอารมณ์,0.0
UTHAITHANI,หนองขาหย่าง,782.5831124021166
UTHAITHANI,หนองฉาง,0.0
UTHAITHANI,ห้วยคต,0.0
UTHAITHANI,เมืองอุทัยธานี,6214.875876496964
UTTARADIT,ตรอน,894.2224432177837
UTTARADIT,ทองแสนขัน,0.0
UTTARADIT,ท่าปลา,0.0
UTTARADIT,น้ำปาด,0.0
UTTARADIT,บ้านโคก,0.0
UTTARADIT,พิชัย,8477.426534942057
UTTARADIT,ฟากท่า,0.0
UTTARADIT,ลับแล,13110.859685371961
UTTARADIT,เมืองอุตรดิตถ์,567.1633958094758
